{
    "pilot": [
        {
            "_id": "pilot.0000",
            "cfg": {
                "agent_launch_method": "SSH",
                "app_comm": [],
                "bridges": {
                    "agent_executing_queue": {
                        "bulk_size": 1,
                        "kind": "queue",
                        "log_level": "error",
                        "stall_hwm": 1
                    },
                    "agent_schedule_pubsub": {
                        "kind": "pubsub",
                        "log_level": "error"
                    },
                    "agent_scheduling_queue": {
                        "bulk_size": 1,
                        "kind": "queue",
                        "log_level": "error",
                        "stall_hwm": 1
                    },
                    "agent_staging_input_queue": {
                        "bulk_size": 1,
                        "kind": "queue",
                        "log_level": "error",
                        "stall_hwm": 1
                    },
                    "agent_staging_output_queue": {
                        "bulk_size": 1,
                        "kind": "queue",
                        "log_level": "error",
                        "stall_hwm": 1
                    },
                    "agent_unschedule_pubsub": {
                        "kind": "pubsub",
                        "log_level": "error"
                    },
                    "control_pubsub": {
                        "kind": "pubsub",
                        "log_level": "error"
                    },
                    "funcs_res_queue": {
                        "bulk_size": 0,
                        "kind": "queue",
                        "log_level": "debug",
                        "stall_hwm": 1
                    },
                    "funcs_wrk_queue": {
                        "bulk_size": 0,
                        "kind": "queue",
                        "log_level": "debug",
                        "stall_hwm": 1
                    },
                    "log_pubsub": {
                        "kind": "pubsub",
                        "log_level": "error"
                    },
                    "state_pubsub": {
                        "kind": "pubsub",
                        "log_level": "error"
                    }
                },
                "bulk_collection_size": 1024,
                "bulk_collection_time": 1.0,
                "bulk_size": 1024,
                "bulk_time": 1.0,
                "components": {
                    "agent_executing": {
                        "count": 1
                    },
                    "agent_scheduling": {
                        "count": 1
                    },
                    "agent_staging_input": {
                        "count": 1
                    },
                    "agent_staging_output": {
                        "count": 1
                    },
                    "update": {
                        "count": 1
                    }
                },
                "cores": 56,
                "cores_per_node": 0,
                "cu_post_exec": null,
                "cu_pre_exec": [],
                "cu_tmp": null,
                "db_poll_sleeptime": 2.0,
                "dburl": "mongodb://rct:rct_test@two.radical-project.org/rct_test",
                "debug": 10,
                "export_to_cu": [],
                "gpus": 0,
                "gpus_per_node": 2,
                "heartbeat": {
                    "interval": 1.0,
                    "timeout": 60.0
                },
                "lfs_path_per_node": "$LOCAL",
                "lfs_size_per_node": 3713368,
                "logdir": ".",
                "mode": "shared",
                "mpi_launch_method": "MPIRUN",
                "owner": "agent.0",
                "pid": "pilot.0000",
                "pilot_sandbox": "/pylon5/mc3bggp/karahbit/radical.pilot.sandbox/rp.session.js-104-191.jetstream-cloud.org.karahbit.018333.0039/pilot.0000/",
                "pmgr": "pmgr.0000",
                "resource_cfg": {
                    "agent_launch_method": "SSH",
                    "agent_scheduler": "CONTINUOUS",
                    "agent_spawner": "POPEN",
                    "cu_pre_exec": [],
                    "default_queue": "RM",
                    "default_remote_workdir": "$SCRATCH",
                    "description": "The XSEDE 'Bridges' cluster at PSC (https://portal.xsede.org/psc-bridges/).",
                    "export_to_cu": [],
                    "filesystem_endpoint": "gsisftp://bridges.psc.xsede.org:2222/",
                    "go": {
                        "filesystem_endpoint": "go://xsede#bridges/",
                        "job_manager_endpoint": "slurm+ssh://bridges.psc.xsede.org/"
                    },
                    "gpus_per_node": 2,
                    "gsissh": {
                        "filesystem_endpoint": "gsisftp://bridges.psc.xsede.org:2222/",
                        "job_manager_endpoint": "slurm+gsissh://bridges.psc.xsede.org:2222/"
                    },
                    "job_manager_endpoint": "slurm+gsissh://bridges.psc.xsede.org:2222/",
                    "lfs_path_per_node": "$LOCAL",
                    "lfs_size_per_node": 3713368,
                    "mpi_launch_method": "MPIRUN",
                    "notes": "Always set the ``project`` attribute in the ComputePilotDescription.",
                    "pre_bootstrap_0": [
                        "module purge",
                        "module load gcc",
                        "module load slurm",
                        "module load anaconda3",
                        "module load singularity",
                        "module load intel"
                    ],
                    "python_dist": "anaconda",
                    "resource_manager": "SLURM",
                    "rp_version": "local",
                    "saga_jd_supplement": {
                        "cpu_architecture": [
                            "p100"
                        ]
                    },
                    "schemas": [
                        "gsissh",
                        "ssh",
                        "go"
                    ],
                    "ssh": {
                        "filesystem_endpoint": "sftp://bridges.psc.xsede.org/",
                        "job_manager_endpoint": "slurm+ssh://bridges.psc.xsede.org/"
                    },
                    "task_launch_method": "SSH",
                    "valid_roots": [
                        "/home",
                        "/pylon1",
                        "/pylon5"
                    ],
                    "virtenv_mode": "create"
                },
                "resource_manager": "SLURM",
                "resource_sandbox": "/pylon5/mc3bggp/karahbit/radical.pilot.sandbox",
                "runtime": 30,
                "scheduler": "CONTINUOUS",
                "session_sandbox": "/pylon5/mc3bggp/karahbit/radical.pilot.sandbox/rp.session.js-104-191.jetstream-cloud.org.karahbit.018333.0039",
                "sid": "rp.session.js-104-191.jetstream-cloud.org.karahbit.018333.0039",
                "spawner": "POPEN",
                "target": "local",
                "task_launch_method": "SSH"
            },
            "client_sandbox": "None",
            "cmd": [],
            "control": "pmgr",
            "description": {
                "access_schema": "gsissh",
                "app_comm": [],
                "candidate_hosts": [],
                "cleanup": false,
                "cores": 56,
                "exit_on_error": true,
                "gpus": 0,
                "input_staging": [],
                "layout": "default",
                "output_staging": [],
                "project": "mc3bggp",
                "queue": "RM",
                "resource": "george.bridges",
                "runtime": 30,
                "sandbox": null
            },
            "js_hop": "gsissh://bridges.psc.xsede.org:2222/",
            "js_url": "slurm+gsissh://bridges.psc.xsede.org:2222/",
            "log": null,
            "logfile": "1584038898.378 : agent.0              : 24144 : 139694060062528 : DEBUG    : start heartbeat\n1584038898.380 : agent.0              : 24144 : 139338469865216 : DEBUG    : hb check\n1584038898.380 : agent.0              : 24144 : 139694060062528 : INFO     : hb init for pmgr.0000\n1584038898.382 : agent.0              : 24144 : 139306123392768 : INFO     : connect pub to log_pubsub: tcp://10.4.217.107:37486\n1584038898.384 : agent.0              : 24144 : 139306123392768 : DEBUG    : registered publisher for log_pubsub\n1584038898.384 : agent.0              : 24144 : 139306123392768 : INFO     : connect pub to state_pubsub: tcp://10.4.217.107:44709\n1584038898.386 : agent.0              : 24144 : 139306123392768 : DEBUG    : registered publisher for state_pubsub\n1584038898.387 : agent.0              : 24144 : 139306123392768 : INFO     : connect pub to control_pubsub: tcp://10.4.217.107:38014\n1584038898.388 : agent.0              : 24144 : 139306123392768 : DEBUG    : registered publisher for control_pubsub\n15840388",
            "pilot_sandbox": "gsisftp://bridges.psc.xsede.org:2222/pylon5/mc3bggp/karahbit/radical.pilot.sandbox/rp.session.js-104-191.jetstream-cloud.org.karahbit.018333.0039/pilot.0000/",
            "pmgr": "pmgr.0000",
            "resource": "george.bridges",
            "resource_details": {
                "lm_detail": null,
                "lm_info": null,
                "rm_info": {
                    "agent_nodes": {},
                    "cores_per_node": 28,
                    "gpus_per_node": 2,
                    "lfs_per_node": {
                        "path": "$LOCAL",
                        "size": 3713368
                    },
                    "lm_info": {
                        "cores_per_node": 28
                    },
                    "mem_per_node": 0,
                    "name": "Slurm",
                    "node_list": [
                        [
                            "r359",
                            "r359"
                        ],
                        [
                            "r370",
                            "r370"
                        ]
                    ]
                }
            },
            "resource_sandbox": "gsisftp://bridges.psc.xsede.org:2222/pylon5/mc3bggp/karahbit/radical.pilot.sandbox",
            "session": "rp.session.js-104-191.jetstream-cloud.org.karahbit.018333.0039",
            "session_sandbox": "gsisftp://bridges.psc.xsede.org:2222/pylon5/mc3bggp/karahbit/radical.pilot.sandbox/rp.session.js-104-191.jetstream-cloud.org.karahbit.018333.0039",
            "state": "CANCELED",
            "states": [
                "NEW",
                "PMGR_LAUNCHING_PENDING",
                "PMGR_LAUNCHING",
                "PMGR_ACTIVE_PENDING",
                "PMGR_ACTIVE",
                "CANCELED",
                "CANCELED"
            ],
            "stderr": "",
            "stdout": "",
            "type": "pilot",
            "uid": "pilot.0000",
            "unit_ids": [
                "unit.000000"
            ]
        }
    ],
    "pmgr": [
        {
            "_id": "pmgr.0000",
            "cfg": {
                "base": "/home/karahbit/containers_exp/singularity",
                "bridges": {
                    "pmgr_launching_queue": {
                        "bulk_size": 0,
                        "kind": "queue",
                        "log_level": "error",
                        "stall_hwm": 1
                    }
                },
                "components": {
                    "pmgr_launching": {
                        "count": 1
                    }
                },
                "db_poll_sleeptime": 10.0,
                "dburl": "mongodb://rct:rct_test@two.radical-project.org/rct_test",
                "heartbeat": {
                    "addr_pub": "tcp://172.22.182.10:37399",
                    "addr_sub": "tcp://172.22.182.10:40257",
                    "interval": 1.0,
                    "timeout": 60.0
                },
                "owner": "pmgr.0000",
                "path": "/home/karahbit/containers_exp/singularity/rp.session.js-104-191.jetstream-cloud.org.karahbit.018333.0039",
                "sid": "rp.session.js-104-191.jetstream-cloud.org.karahbit.018333.0039",
                "uid": "pmgr.0000"
            },
            "type": "pmgr",
            "uid": "pmgr.0000"
        }
    ],
    "session": {
        "_id": "rp.session.js-104-191.jetstream-cloud.org.karahbit.018333.0039",
        "cfg": {
            "base": "/home/karahbit/containers_exp/singularity",
            "bridges": {
                "control_pubsub": {
                    "bulk_size": 0,
                    "kind": "pubsub",
                    "log_level": "error",
                    "stall_hwm": 1
                },
                "log_pubsub": {
                    "bulk_size": 0,
                    "kind": "pubsub",
                    "log_level": "error",
                    "stall_hwm": 1
                },
                "state_pubsub": {
                    "bulk_size": 0,
                    "kind": "pubsub",
                    "log_level": "error",
                    "stall_hwm": 1
                }
            },
            "bulk_size": 1024,
            "bulk_time": 1.0,
            "client_sandbox": "/home/karahbit/containers_exp/singularity",
            "components": {
                "update": {
                    "count": 1
                }
            },
            "dburl": "mongodb://rct:rct_test@two.radical-project.org/rct_test",
            "default_dburl": "mongodb://rct:rct_test@two.radical-project.org/rct_test",
            "heartbeat": {
                "interval": 1.0,
                "timeout": 60.0
            },
            "path": "/home/karahbit/containers_exp/singularity/rp.session.js-104-191.jetstream-cloud.org.karahbit.018333.0039",
            "record": null,
            "session_base": "/home/karahbit/containers_exp/singularity",
            "sid": "rp.session.js-104-191.jetstream-cloud.org.karahbit.018333.0039"
        },
        "connected": 1584038677.034792,
        "created": 1584038676.0852277,
        "metadata": [
            {
                "radical_stack": {
                    "py": "3.7.6 (default, Jan 27 2020, 12:11:43)  [GCC 5.4.0 20160609]",
                    "rp": "1.1.1-v1.1.1-2-g7bdbe6e@fix-issue_2074",
                    "rs": "1.1.0",
                    "ru": "1.1.1-v1.1.1-2-gfe6c424@devel"
                }
            }
        ],
        "type": "session",
        "uid": "rp.session.js-104-191.jetstream-cloud.org.karahbit.018333.0039"
    },
    "umgr": [
        {
            "_id": "umgr.0000",
            "cfg": {
                "base": "/home/karahbit/containers_exp/singularity",
                "bridges": {
                    "umgr_reschedule_pubsub": {
                        "bulk_size": 0,
                        "kind": "pubsub",
                        "log_level": "error",
                        "stall_hwm": 1
                    },
                    "umgr_scheduling_queue": {
                        "bulk_size": 0,
                        "kind": "queue",
                        "log_level": "error",
                        "stall_hwm": 1
                    },
                    "umgr_staging_input_queue": {
                        "bulk_size": 0,
                        "kind": "queue",
                        "log_level": "error",
                        "stall_hwm": 1
                    },
                    "umgr_staging_output_queue": {
                        "bulk_size": 0,
                        "kind": "queue",
                        "log_level": "error",
                        "stall_hwm": 1
                    },
                    "umgr_unschedule_pubsub": {
                        "bulk_size": 0,
                        "kind": "pubsub",
                        "log_level": "error",
                        "stall_hwm": 1
                    }
                },
                "bulk_collection_size": 100,
                "bulk_collection_time": 1.0,
                "components": {
                    "umgr_scheduling": {
                        "count": 1
                    },
                    "umgr_staging_input": {
                        "count": 1
                    },
                    "umgr_staging_output": {
                        "count": 1
                    }
                },
                "db_poll_sleeptime": 1.0,
                "dburl": "mongodb://rct:rct_test@two.radical-project.org/rct_test",
                "heartbeat": {
                    "addr_pub": "tcp://172.22.182.10:37399",
                    "addr_sub": "tcp://172.22.182.10:40257",
                    "interval": 1.0,
                    "timeout": 60.0
                },
                "owner": "umgr.0000",
                "path": "/home/karahbit/containers_exp/singularity/rp.session.js-104-191.jetstream-cloud.org.karahbit.018333.0039",
                "scheduler": "round_robin",
                "sid": "rp.session.js-104-191.jetstream-cloud.org.karahbit.018333.0039",
                "uid": "umgr.0000"
            },
            "type": "umgr",
            "uid": "umgr.0000"
        }
    ],
    "unit": [
        {
            "_id": "unit.000000",
            "client_sandbox": "None",
            "cmd": [],
            "control": null,
            "description": {
                "arguments": [
                    "exec",
                    "--bind",
                    "/opt/intel/compilers_and_libraries_2019.5.281/linux/mpi/intel64",
                    "/home/karahbit/centos-openmpi.sif",
                    "/home/karahbit/hello_world_intel"
                ],
                "cleanup": false,
                "cpu_process_type": "MPI",
                "cpu_processes": 56,
                "cpu_thread_type": "",
                "cpu_threads": 1,
                "environment": {},
                "executable": "singularity",
                "gpu_process_type": "",
                "gpu_processes": 0,
                "gpu_thread_type": "",
                "gpu_threads": 1,
                "input_staging": [],
                "kernel": "",
                "lfs_per_process": 0,
                "mem_per_process": 0,
                "metadata": null,
                "name": "",
                "output_staging": [],
                "pilot": "",
                "post_exec": [],
                "pre_exec": [
                    "export SINGULARITYENV_PREPEND_PATH=/opt/intel/compilers_and_libraries_2019.5.281/linux/mpi/intel64/bin",
                    "export SINGULARITYENV_LD_LIBRARY_PATH=/opt/intel/compilers_and_libraries_2019.5.281/linux/mpi/intel64/lib:/opt/intel/compilers_and_libraries_2019.5.281/linux/mpi/intel64/libfabric/lib"
                ],
                "restartable": false,
                "sandbox": "",
                "stderr": "",
                "stdout": "",
                "tags": {}
            },
            "exit_code": 0,
            "name": "",
            "pilot": "pilot.0000",
            "pilot_sandbox": "gsisftp://bridges.psc.xsede.org:2222/pylon5/mc3bggp/karahbit/radical.pilot.sandbox/rp.session.js-104-191.jetstream-cloud.org.karahbit.018333.0039/pilot.0000/",
            "resource_sandbox": "gsisftp://bridges.psc.xsede.org:2222/pylon5/mc3bggp/karahbit/radical.pilot.sandbox",
            "slots": {
                "cores_per_node": 28,
                "gpus_per_node": 2,
                "lfs_per_node": {
                    "path": "$LOCAL",
                    "size": 3713368
                },
                "lm_info": {
                    "cores_per_node": 28
                },
                "mem_per_node": 0,
                "nodes": [
                    {
                        "core_map": [
                            [
                                0
                            ]
                        ],
                        "gpu_map": [],
                        "lfs": {
                            "path": "$LOCAL",
                            "size": 0
                        },
                        "mem": 0,
                        "name": "r359",
                        "uid": "r359"
                    },
                    {
                        "core_map": [
                            [
                                1
                            ]
                        ],
                        "gpu_map": [],
                        "lfs": {
                            "path": "$LOCAL",
                            "size": 0
                        },
                        "mem": 0,
                        "name": "r359",
                        "uid": "r359"
                    },
                    {
                        "core_map": [
                            [
                                2
                            ]
                        ],
                        "gpu_map": [],
                        "lfs": {
                            "path": "$LOCAL",
                            "size": 0
                        },
                        "mem": 0,
                        "name": "r359",
                        "uid": "r359"
                    },
                    {
                        "core_map": [
                            [
                                3
                            ]
                        ],
                        "gpu_map": [],
                        "lfs": {
                            "path": "$LOCAL",
                            "size": 0
                        },
                        "mem": 0,
                        "name": "r359",
                        "uid": "r359"
                    },
                    {
                        "core_map": [
                            [
                                4
                            ]
                        ],
                        "gpu_map": [],
                        "lfs": {
                            "path": "$LOCAL",
                            "size": 0
                        },
                        "mem": 0,
                        "name": "r359",
                        "uid": "r359"
                    },
                    {
                        "core_map": [
                            [
                                5
                            ]
                        ],
                        "gpu_map": [],
                        "lfs": {
                            "path": "$LOCAL",
                            "size": 0
                        },
                        "mem": 0,
                        "name": "r359",
                        "uid": "r359"
                    },
                    {
                        "core_map": [
                            [
                                6
                            ]
                        ],
                        "gpu_map": [],
                        "lfs": {
                            "path": "$LOCAL",
                            "size": 0
                        },
                        "mem": 0,
                        "name": "r359",
                        "uid": "r359"
                    },
                    {
                        "core_map": [
                            [
                                7
                            ]
                        ],
                        "gpu_map": [],
                        "lfs": {
                            "path": "$LOCAL",
                            "size": 0
                        },
                        "mem": 0,
                        "name": "r359",
                        "uid": "r359"
                    },
                    {
                        "core_map": [
                            [
                                8
                            ]
                        ],
                        "gpu_map": [],
                        "lfs": {
                            "path": "$LOCAL",
                            "size": 0
                        },
                        "mem": 0,
                        "name": "r359",
                        "uid": "r359"
                    },
                    {
                        "core_map": [
                            [
                                9
                            ]
                        ],
                        "gpu_map": [],
                        "lfs": {
                            "path": "$LOCAL",
                            "size": 0
                        },
                        "mem": 0,
                        "name": "r359",
                        "uid": "r359"
                    },
                    {
                        "core_map": [
                            [
                                10
                            ]
                        ],
                        "gpu_map": [],
                        "lfs": {
                            "path": "$LOCAL",
                            "size": 0
                        },
                        "mem": 0,
                        "name": "r359",
                        "uid": "r359"
                    },
                    {
                        "core_map": [
                            [
                                11
                            ]
                        ],
                        "gpu_map": [],
                        "lfs": {
                            "path": "$LOCAL",
                            "size": 0
                        },
                        "mem": 0,
                        "name": "r359",
                        "uid": "r359"
                    },
                    {
                        "core_map": [
                            [
                                12
                            ]
                        ],
                        "gpu_map": [],
                        "lfs": {
                            "path": "$LOCAL",
                            "size": 0
                        },
                        "mem": 0,
                        "name": "r359",
                        "uid": "r359"
                    },
                    {
                        "core_map": [
                            [
                                13
                            ]
                        ],
                        "gpu_map": [],
                        "lfs": {
                            "path": "$LOCAL",
                            "size": 0
                        },
                        "mem": 0,
                        "name": "r359",
                        "uid": "r359"
                    },
                    {
                        "core_map": [
                            [
                                14
                            ]
                        ],
                        "gpu_map": [],
                        "lfs": {
                            "path": "$LOCAL",
                            "size": 0
                        },
                        "mem": 0,
                        "name": "r359",
                        "uid": "r359"
                    },
                    {
                        "core_map": [
                            [
                                15
                            ]
                        ],
                        "gpu_map": [],
                        "lfs": {
                            "path": "$LOCAL",
                            "size": 0
                        },
                        "mem": 0,
                        "name": "r359",
                        "uid": "r359"
                    },
                    {
                        "core_map": [
                            [
                                16
                            ]
                        ],
                        "gpu_map": [],
                        "lfs": {
                            "path": "$LOCAL",
                            "size": 0
                        },
                        "mem": 0,
                        "name": "r359",
                        "uid": "r359"
                    },
                    {
                        "core_map": [
                            [
                                17
                            ]
                        ],
                        "gpu_map": [],
                        "lfs": {
                            "path": "$LOCAL",
                            "size": 0
                        },
                        "mem": 0,
                        "name": "r359",
                        "uid": "r359"
                    },
                    {
                        "core_map": [
                            [
                                18
                            ]
                        ],
                        "gpu_map": [],
                        "lfs": {
                            "path": "$LOCAL",
                            "size": 0
                        },
                        "mem": 0,
                        "name": "r359",
                        "uid": "r359"
                    },
                    {
                        "core_map": [
                            [
                                19
                            ]
                        ],
                        "gpu_map": [],
                        "lfs": {
                            "path": "$LOCAL",
                            "size": 0
                        },
                        "mem": 0,
                        "name": "r359",
                        "uid": "r359"
                    },
                    {
                        "core_map": [
                            [
                                20
                            ]
                        ],
                        "gpu_map": [],
                        "lfs": {
                            "path": "$LOCAL",
                            "size": 0
                        },
                        "mem": 0,
                        "name": "r359",
                        "uid": "r359"
                    },
                    {
                        "core_map": [
                            [
                                21
                            ]
                        ],
                        "gpu_map": [],
                        "lfs": {
                            "path": "$LOCAL",
                            "size": 0
                        },
                        "mem": 0,
                        "name": "r359",
                        "uid": "r359"
                    },
                    {
                        "core_map": [
                            [
                                22
                            ]
                        ],
                        "gpu_map": [],
                        "lfs": {
                            "path": "$LOCAL",
                            "size": 0
                        },
                        "mem": 0,
                        "name": "r359",
                        "uid": "r359"
                    },
                    {
                        "core_map": [
                            [
                                23
                            ]
                        ],
                        "gpu_map": [],
                        "lfs": {
                            "path": "$LOCAL",
                            "size": 0
                        },
                        "mem": 0,
                        "name": "r359",
                        "uid": "r359"
                    },
                    {
                        "core_map": [
                            [
                                24
                            ]
                        ],
                        "gpu_map": [],
                        "lfs": {
                            "path": "$LOCAL",
                            "size": 0
                        },
                        "mem": 0,
                        "name": "r359",
                        "uid": "r359"
                    },
                    {
                        "core_map": [
                            [
                                25
                            ]
                        ],
                        "gpu_map": [],
                        "lfs": {
                            "path": "$LOCAL",
                            "size": 0
                        },
                        "mem": 0,
                        "name": "r359",
                        "uid": "r359"
                    },
                    {
                        "core_map": [
                            [
                                26
                            ]
                        ],
                        "gpu_map": [],
                        "lfs": {
                            "path": "$LOCAL",
                            "size": 0
                        },
                        "mem": 0,
                        "name": "r359",
                        "uid": "r359"
                    },
                    {
                        "core_map": [
                            [
                                27
                            ]
                        ],
                        "gpu_map": [],
                        "lfs": {
                            "path": "$LOCAL",
                            "size": 0
                        },
                        "mem": 0,
                        "name": "r359",
                        "uid": "r359"
                    },
                    {
                        "core_map": [
                            [
                                0
                            ]
                        ],
                        "gpu_map": [],
                        "lfs": {
                            "path": "$LOCAL",
                            "size": 0
                        },
                        "mem": 0,
                        "name": "r370",
                        "uid": "r370"
                    },
                    {
                        "core_map": [
                            [
                                1
                            ]
                        ],
                        "gpu_map": [],
                        "lfs": {
                            "path": "$LOCAL",
                            "size": 0
                        },
                        "mem": 0,
                        "name": "r370",
                        "uid": "r370"
                    },
                    {
                        "core_map": [
                            [
                                2
                            ]
                        ],
                        "gpu_map": [],
                        "lfs": {
                            "path": "$LOCAL",
                            "size": 0
                        },
                        "mem": 0,
                        "name": "r370",
                        "uid": "r370"
                    },
                    {
                        "core_map": [
                            [
                                3
                            ]
                        ],
                        "gpu_map": [],
                        "lfs": {
                            "path": "$LOCAL",
                            "size": 0
                        },
                        "mem": 0,
                        "name": "r370",
                        "uid": "r370"
                    },
                    {
                        "core_map": [
                            [
                                4
                            ]
                        ],
                        "gpu_map": [],
                        "lfs": {
                            "path": "$LOCAL",
                            "size": 0
                        },
                        "mem": 0,
                        "name": "r370",
                        "uid": "r370"
                    },
                    {
                        "core_map": [
                            [
                                5
                            ]
                        ],
                        "gpu_map": [],
                        "lfs": {
                            "path": "$LOCAL",
                            "size": 0
                        },
                        "mem": 0,
                        "name": "r370",
                        "uid": "r370"
                    },
                    {
                        "core_map": [
                            [
                                6
                            ]
                        ],
                        "gpu_map": [],
                        "lfs": {
                            "path": "$LOCAL",
                            "size": 0
                        },
                        "mem": 0,
                        "name": "r370",
                        "uid": "r370"
                    },
                    {
                        "core_map": [
                            [
                                7
                            ]
                        ],
                        "gpu_map": [],
                        "lfs": {
                            "path": "$LOCAL",
                            "size": 0
                        },
                        "mem": 0,
                        "name": "r370",
                        "uid": "r370"
                    },
                    {
                        "core_map": [
                            [
                                8
                            ]
                        ],
                        "gpu_map": [],
                        "lfs": {
                            "path": "$LOCAL",
                            "size": 0
                        },
                        "mem": 0,
                        "name": "r370",
                        "uid": "r370"
                    },
                    {
                        "core_map": [
                            [
                                9
                            ]
                        ],
                        "gpu_map": [],
                        "lfs": {
                            "path": "$LOCAL",
                            "size": 0
                        },
                        "mem": 0,
                        "name": "r370",
                        "uid": "r370"
                    },
                    {
                        "core_map": [
                            [
                                10
                            ]
                        ],
                        "gpu_map": [],
                        "lfs": {
                            "path": "$LOCAL",
                            "size": 0
                        },
                        "mem": 0,
                        "name": "r370",
                        "uid": "r370"
                    },
                    {
                        "core_map": [
                            [
                                11
                            ]
                        ],
                        "gpu_map": [],
                        "lfs": {
                            "path": "$LOCAL",
                            "size": 0
                        },
                        "mem": 0,
                        "name": "r370",
                        "uid": "r370"
                    },
                    {
                        "core_map": [
                            [
                                12
                            ]
                        ],
                        "gpu_map": [],
                        "lfs": {
                            "path": "$LOCAL",
                            "size": 0
                        },
                        "mem": 0,
                        "name": "r370",
                        "uid": "r370"
                    },
                    {
                        "core_map": [
                            [
                                13
                            ]
                        ],
                        "gpu_map": [],
                        "lfs": {
                            "path": "$LOCAL",
                            "size": 0
                        },
                        "mem": 0,
                        "name": "r370",
                        "uid": "r370"
                    },
                    {
                        "core_map": [
                            [
                                14
                            ]
                        ],
                        "gpu_map": [],
                        "lfs": {
                            "path": "$LOCAL",
                            "size": 0
                        },
                        "mem": 0,
                        "name": "r370",
                        "uid": "r370"
                    },
                    {
                        "core_map": [
                            [
                                15
                            ]
                        ],
                        "gpu_map": [],
                        "lfs": {
                            "path": "$LOCAL",
                            "size": 0
                        },
                        "mem": 0,
                        "name": "r370",
                        "uid": "r370"
                    },
                    {
                        "core_map": [
                            [
                                16
                            ]
                        ],
                        "gpu_map": [],
                        "lfs": {
                            "path": "$LOCAL",
                            "size": 0
                        },
                        "mem": 0,
                        "name": "r370",
                        "uid": "r370"
                    },
                    {
                        "core_map": [
                            [
                                17
                            ]
                        ],
                        "gpu_map": [],
                        "lfs": {
                            "path": "$LOCAL",
                            "size": 0
                        },
                        "mem": 0,
                        "name": "r370",
                        "uid": "r370"
                    },
                    {
                        "core_map": [
                            [
                                18
                            ]
                        ],
                        "gpu_map": [],
                        "lfs": {
                            "path": "$LOCAL",
                            "size": 0
                        },
                        "mem": 0,
                        "name": "r370",
                        "uid": "r370"
                    },
                    {
                        "core_map": [
                            [
                                19
                            ]
                        ],
                        "gpu_map": [],
                        "lfs": {
                            "path": "$LOCAL",
                            "size": 0
                        },
                        "mem": 0,
                        "name": "r370",
                        "uid": "r370"
                    },
                    {
                        "core_map": [
                            [
                                20
                            ]
                        ],
                        "gpu_map": [],
                        "lfs": {
                            "path": "$LOCAL",
                            "size": 0
                        },
                        "mem": 0,
                        "name": "r370",
                        "uid": "r370"
                    },
                    {
                        "core_map": [
                            [
                                21
                            ]
                        ],
                        "gpu_map": [],
                        "lfs": {
                            "path": "$LOCAL",
                            "size": 0
                        },
                        "mem": 0,
                        "name": "r370",
                        "uid": "r370"
                    },
                    {
                        "core_map": [
                            [
                                22
                            ]
                        ],
                        "gpu_map": [],
                        "lfs": {
                            "path": "$LOCAL",
                            "size": 0
                        },
                        "mem": 0,
                        "name": "r370",
                        "uid": "r370"
                    },
                    {
                        "core_map": [
                            [
                                23
                            ]
                        ],
                        "gpu_map": [],
                        "lfs": {
                            "path": "$LOCAL",
                            "size": 0
                        },
                        "mem": 0,
                        "name": "r370",
                        "uid": "r370"
                    },
                    {
                        "core_map": [
                            [
                                24
                            ]
                        ],
                        "gpu_map": [],
                        "lfs": {
                            "path": "$LOCAL",
                            "size": 0
                        },
                        "mem": 0,
                        "name": "r370",
                        "uid": "r370"
                    },
                    {
                        "core_map": [
                            [
                                25
                            ]
                        ],
                        "gpu_map": [],
                        "lfs": {
                            "path": "$LOCAL",
                            "size": 0
                        },
                        "mem": 0,
                        "name": "r370",
                        "uid": "r370"
                    },
                    {
                        "core_map": [
                            [
                                26
                            ]
                        ],
                        "gpu_map": [],
                        "lfs": {
                            "path": "$LOCAL",
                            "size": 0
                        },
                        "mem": 0,
                        "name": "r370",
                        "uid": "r370"
                    },
                    {
                        "core_map": [
                            [
                                27
                            ]
                        ],
                        "gpu_map": [],
                        "lfs": {
                            "path": "$LOCAL",
                            "size": 0
                        },
                        "mem": 0,
                        "name": "r370",
                        "uid": "r370"
                    }
                ]
            },
            "state": "DONE",
            "states": [
                "NEW",
                "UMGR_SCHEDULING_PENDING",
                "UMGR_SCHEDULING",
                "UMGR_STAGING_INPUT_PENDING",
                "UMGR_STAGING_INPUT",
                "AGENT_STAGING_INPUT_PENDING",
                "AGENT_STAGING_INPUT",
                "AGENT_SCHEDULING_PENDING",
                "AGENT_SCHEDULING",
                "AGENT_EXECUTING",
                "AGENT_STAGING_OUTPUT_PENDING",
                "AGENT_STAGING_OUTPUT",
                "UMGR_STAGING_OUTPUT_PENDING",
                "UMGR_STAGING_OUTPUT_PENDING",
                "UMGR_STAGING_OUTPUT",
                "DONE"
            ],
            "stderr": "",
            "stderr_file": "/pylon5/mc3bggp/karahbit/radical.pilot.sandbox/rp.session.js-104-191.jetstream-cloud.org.karahbit.018333.0039/pilot.0000/unit.000000/STDERR",
            "stdout": "[... CONTENT SHORTENED ...]\ndges.psc.edu, rank 6 out of 56 processors\nHello world from processor r370.pvt.bridges.psc.edu, rank 47 out of 56 processors\nHello world from processor r359.pvt.bridges.psc.edu, rank 14 out of 56 processors\nHello world from processor r370.pvt.bridges.psc.edu, rank 49 out of 56 processors\nHello world from processor r359.pvt.bridges.psc.edu, rank 26 out of 56 processors\nHello world from processor r370.pvt.bridges.psc.edu, rank 54 out of 56 processors\nHello world from processor r359.pvt.bridges.psc.edu, rank 0 out of 56 processors\nHello world from processor r370.pvt.bridges.psc.edu, rank 55 out of 56 processors\nHello world from processor r359.pvt.bridges.psc.edu, rank 4 out of 56 processors\nHello world from processor r370.pvt.bridges.psc.edu, rank 36 out of 56 processors\nHello world from processor r359.pvt.bridges.psc.edu, rank 16 out of 56 processors\nHello world from processor r370.pvt.bridges.psc.edu, rank 44 out of 56 processors\nHello world from processor r370.pvt.bridges.psc.edu, rank 50 out of 56 processors\n",
            "stdout_file": "/pylon5/mc3bggp/karahbit/radical.pilot.sandbox/rp.session.js-104-191.jetstream-cloud.org.karahbit.018333.0039/pilot.0000/unit.000000/STDOUT",
            "target_state": "DONE",
            "tuple_size": [
                56,
                1,
                0,
                "MPI"
            ],
            "type": "unit",
            "uid": "unit.000000",
            "umgr": "umgr.0000",
            "unit_sandbox": "gsisftp://bridges.psc.xsede.org:2222/pylon5/mc3bggp/karahbit/radical.pilot.sandbox/rp.session.js-104-191.jetstream-cloud.org.karahbit.018333.0039/pilot.0000/unit.000000/",
            "unit_sandbox_path": "/pylon5/mc3bggp/karahbit/radical.pilot.sandbox/rp.session.js-104-191.jetstream-cloud.org.karahbit.018333.0039/pilot.0000/unit.000000/"
        }
    ]
}
