{
    "pilot": [],
    "pmgr": [
        {
            "_id": "pmgr.0000",
            "cfg": {
                "base": "/home/karahbit/containers_exp/singularity",
                "bridges": {
                    "pmgr_launching_queue": {
                        "bulk_size": 0,
                        "kind": "queue",
                        "log_level": "error",
                        "stall_hwm": 1
                    }
                },
                "components": {
                    "pmgr_launching": {
                        "count": 1
                    }
                },
                "db_poll_sleeptime": 10.0,
                "dburl": "mongodb://rct:rct_test@two.radical-project.org/rct_test",
                "heartbeat": {
                    "addr_pub": "tcp://172.22.182.10:40916",
                    "addr_sub": "tcp://172.22.182.10:41986",
                    "interval": 1.0,
                    "timeout": 60.0
                },
                "owner": "pmgr.0000",
                "path": "/home/karahbit/containers_exp/singularity/rp.session.js-104-191.jetstream-cloud.org.karahbit.018333.0037",
                "sid": "rp.session.js-104-191.jetstream-cloud.org.karahbit.018333.0037",
                "uid": "pmgr.0000"
            },
            "type": "pmgr",
            "uid": "pmgr.0000"
        }
    ],
    "session": {
        "_id": "rp.session.js-104-191.jetstream-cloud.org.karahbit.018333.0037",
        "cfg": {
            "base": "/home/karahbit/containers_exp/singularity",
            "bridges": {
                "control_pubsub": {
                    "bulk_size": 0,
                    "kind": "pubsub",
                    "log_level": "error",
                    "stall_hwm": 1
                },
                "log_pubsub": {
                    "bulk_size": 0,
                    "kind": "pubsub",
                    "log_level": "error",
                    "stall_hwm": 1
                },
                "state_pubsub": {
                    "bulk_size": 0,
                    "kind": "pubsub",
                    "log_level": "error",
                    "stall_hwm": 1
                }
            },
            "bulk_size": 1024,
            "bulk_time": 1.0,
            "client_sandbox": "/home/karahbit/containers_exp/singularity",
            "components": {
                "update": {
                    "count": 1
                }
            },
            "dburl": "mongodb://rct:rct_test@two.radical-project.org/rct_test",
            "default_dburl": "mongodb://rct:rct_test@two.radical-project.org/rct_test",
            "heartbeat": {
                "interval": 1.0,
                "timeout": 60.0
            },
            "path": "/home/karahbit/containers_exp/singularity/rp.session.js-104-191.jetstream-cloud.org.karahbit.018333.0037",
            "record": null,
            "session_base": "/home/karahbit/containers_exp/singularity",
            "sid": "rp.session.js-104-191.jetstream-cloud.org.karahbit.018333.0037"
        },
        "connected": 1584038499.5264626,
        "created": 1584038498.5555985,
        "metadata": [
            {
                "radical_stack": {
                    "py": "3.7.6 (default, Jan 27 2020, 12:11:43)  [GCC 5.4.0 20160609]",
                    "rp": "1.1.1-v1.1.1-2-g7bdbe6e@fix-issue_2074",
                    "rs": "1.1.0",
                    "ru": "1.1.1-v1.1.1-2-gfe6c424@devel"
                }
            }
        ],
        "type": "session",
        "uid": "rp.session.js-104-191.jetstream-cloud.org.karahbit.018333.0037"
    },
    "umgr": [],
    "unit": []
}
