{
    "base": "/home/karahbit/containers_exp/singularity",
    "bulk_size": 1024,
    "bulk_time": 1.0,
    "client_sandbox": "/home/karahbit/containers_exp/singularity",
    "cmgr": "cmgr.0000",
    "count": 1,
    "dburl": "mongodb://rct:rct_test@two.radical-project.org/rct_test",
    "default_dburl": "mongodb://rct:rct_test@two.radical-project.org/rct_test",
    "heartbeat": {
        "addr_pub": "tcp://172.22.182.10:40840",
        "addr_sub": "tcp://172.22.182.10:39440",
        "interval": 1.0,
        "timeout": 60.0
    },
    "kind": "update",
    "path": "/home/karahbit/containers_exp/singularity/rp.session.js-104-191.jetstream-cloud.org.karahbit.018331.0025",
    "record": null,
    "session_base": "/home/karahbit/containers_exp/singularity",
    "sid": "rp.session.js-104-191.jetstream-cloud.org.karahbit.018331.0025",
    "uid": "update.0000"
}
