{
    "pilot": [
        {
            "_id": "pilot.0000",
            "cfg": {
                "agent_launch_method": "SSH",
                "app_comm": [],
                "bridges": {
                    "agent_executing_queue": {
                        "bulk_size": 1,
                        "kind": "queue",
                        "log_level": "error",
                        "stall_hwm": 1
                    },
                    "agent_schedule_pubsub": {
                        "kind": "pubsub",
                        "log_level": "error"
                    },
                    "agent_scheduling_queue": {
                        "bulk_size": 1,
                        "kind": "queue",
                        "log_level": "error",
                        "stall_hwm": 1
                    },
                    "agent_staging_input_queue": {
                        "bulk_size": 1,
                        "kind": "queue",
                        "log_level": "error",
                        "stall_hwm": 1
                    },
                    "agent_staging_output_queue": {
                        "bulk_size": 1,
                        "kind": "queue",
                        "log_level": "error",
                        "stall_hwm": 1
                    },
                    "agent_unschedule_pubsub": {
                        "kind": "pubsub",
                        "log_level": "error"
                    },
                    "control_pubsub": {
                        "kind": "pubsub",
                        "log_level": "error"
                    },
                    "funcs_res_queue": {
                        "bulk_size": 0,
                        "kind": "queue",
                        "log_level": "debug",
                        "stall_hwm": 1
                    },
                    "funcs_wrk_queue": {
                        "bulk_size": 0,
                        "kind": "queue",
                        "log_level": "debug",
                        "stall_hwm": 1
                    },
                    "log_pubsub": {
                        "kind": "pubsub",
                        "log_level": "error"
                    },
                    "state_pubsub": {
                        "kind": "pubsub",
                        "log_level": "error"
                    }
                },
                "bulk_collection_size": 1024,
                "bulk_collection_time": 1.0,
                "bulk_size": 1024,
                "bulk_time": 1.0,
                "components": {
                    "agent_executing": {
                        "count": 1
                    },
                    "agent_scheduling": {
                        "count": 1
                    },
                    "agent_staging_input": {
                        "count": 1
                    },
                    "agent_staging_output": {
                        "count": 1
                    },
                    "update": {
                        "count": 1
                    }
                },
                "cores": 448,
                "cores_per_node": 0,
                "cu_post_exec": null,
                "cu_pre_exec": [],
                "cu_tmp": null,
                "db_poll_sleeptime": 2.0,
                "dburl": "mongodb://rct:rct_test@two.radical-project.org/rct_test",
                "debug": 10,
                "export_to_cu": [],
                "gpus": 0,
                "gpus_per_node": 2,
                "heartbeat": {
                    "interval": 1.0,
                    "timeout": 60.0
                },
                "lfs_path_per_node": "$LOCAL",
                "lfs_size_per_node": 3713368,
                "logdir": ".",
                "mode": "shared",
                "mpi_launch_method": "MPIRUN",
                "owner": "agent.0",
                "pid": "pilot.0000",
                "pilot_sandbox": "/pylon5/mc3bggp/karahbit/radical.pilot.sandbox/rp.session.js-104-191.jetstream-cloud.org.karahbit.018331.0027/pilot.0000/",
                "pmgr": "pmgr.0000",
                "resource_cfg": {
                    "agent_launch_method": "SSH",
                    "agent_scheduler": "CONTINUOUS",
                    "agent_spawner": "POPEN",
                    "cu_pre_exec": [],
                    "default_queue": "RM",
                    "default_remote_workdir": "$SCRATCH",
                    "description": "The XSEDE 'Bridges' cluster at PSC (https://portal.xsede.org/psc-bridges/).",
                    "export_to_cu": [],
                    "filesystem_endpoint": "gsisftp://bridges.psc.xsede.org:2222/",
                    "go": {
                        "filesystem_endpoint": "go://xsede#bridges/",
                        "job_manager_endpoint": "slurm+ssh://bridges.psc.xsede.org/"
                    },
                    "gpus_per_node": 2,
                    "gsissh": {
                        "filesystem_endpoint": "gsisftp://bridges.psc.xsede.org:2222/",
                        "job_manager_endpoint": "slurm+gsissh://bridges.psc.xsede.org:2222/"
                    },
                    "job_manager_endpoint": "slurm+gsissh://bridges.psc.xsede.org:2222/",
                    "lfs_path_per_node": "$LOCAL",
                    "lfs_size_per_node": 3713368,
                    "mpi_launch_method": "MPIRUN",
                    "notes": "Always set the ``project`` attribute in the ComputePilotDescription.",
                    "pre_bootstrap_0": [
                        "module purge",
                        "module load gcc",
                        "module load slurm",
                        "module load anaconda3",
                        "module load singularity",
                        "module load intel"
                    ],
                    "python_dist": "anaconda",
                    "resource_manager": "SLURM",
                    "rp_version": "local",
                    "saga_jd_supplement": {
                        "cpu_architecture": [
                            "p100"
                        ]
                    },
                    "schemas": [
                        "gsissh",
                        "ssh",
                        "go"
                    ],
                    "ssh": {
                        "filesystem_endpoint": "sftp://bridges.psc.xsede.org/",
                        "job_manager_endpoint": "slurm+ssh://bridges.psc.xsede.org/"
                    },
                    "task_launch_method": "SSH",
                    "valid_roots": [
                        "/home",
                        "/pylon1",
                        "/pylon5"
                    ],
                    "virtenv_mode": "create"
                },
                "resource_manager": "SLURM",
                "resource_sandbox": "/pylon5/mc3bggp/karahbit/radical.pilot.sandbox",
                "runtime": 30,
                "scheduler": "CONTINUOUS",
                "session_sandbox": "/pylon5/mc3bggp/karahbit/radical.pilot.sandbox/rp.session.js-104-191.jetstream-cloud.org.karahbit.018331.0027",
                "sid": "rp.session.js-104-191.jetstream-cloud.org.karahbit.018331.0027",
                "spawner": "POPEN",
                "target": "local",
                "task_launch_method": "SSH"
            },
            "client_sandbox": "None",
            "cmd": [
                {
                    "arg": [],
                    "cmd": "cancel_pilot"
                }
            ],
            "control": "pmgr",
            "description": {
                "access_schema": "gsissh",
                "app_comm": [],
                "candidate_hosts": [],
                "cleanup": false,
                "cores": 448,
                "exit_on_error": true,
                "gpus": 0,
                "input_staging": [],
                "layout": "default",
                "output_staging": [],
                "project": "mc3bggp",
                "queue": "RM",
                "resource": "george.bridges",
                "runtime": 30,
                "sandbox": null
            },
            "js_hop": "gsissh://bridges.psc.xsede.org:2222/",
            "js_url": "slurm+gsissh://bridges.psc.xsede.org:2222/",
            "log": null,
            "pilot_sandbox": "gsisftp://bridges.psc.xsede.org:2222/pylon5/mc3bggp/karahbit/radical.pilot.sandbox/rp.session.js-104-191.jetstream-cloud.org.karahbit.018331.0027/pilot.0000/",
            "pmgr": "pmgr.0000",
            "resource": "george.bridges",
            "resource_details": null,
            "resource_sandbox": "gsisftp://bridges.psc.xsede.org:2222/pylon5/mc3bggp/karahbit/radical.pilot.sandbox",
            "session": "rp.session.js-104-191.jetstream-cloud.org.karahbit.018331.0027",
            "session_sandbox": "gsisftp://bridges.psc.xsede.org:2222/pylon5/mc3bggp/karahbit/radical.pilot.sandbox/rp.session.js-104-191.jetstream-cloud.org.karahbit.018331.0027",
            "state": "CANCELED",
            "states": [
                "NEW",
                "PMGR_LAUNCHING_PENDING",
                "PMGR_LAUNCHING",
                "PMGR_ACTIVE_PENDING",
                "PMGR_ACTIVE",
                "PMGR_ACTIVE",
                "CANCELED"
            ],
            "stderr": null,
            "stdout": null,
            "type": "pilot",
            "uid": "pilot.0000",
            "unit_ids": [
                "unit.000000",
                "unit.000001",
                "unit.000002",
                "unit.000003",
                "unit.000004",
                "unit.000005",
                "unit.000006",
                "unit.000007"
            ]
        }
    ],
    "pmgr": [
        {
            "_id": "pmgr.0000",
            "cfg": {
                "base": "/home/karahbit/containers_exp/singularity",
                "bridges": {
                    "pmgr_launching_queue": {
                        "bulk_size": 0,
                        "kind": "queue",
                        "log_level": "error",
                        "stall_hwm": 1
                    }
                },
                "components": {
                    "pmgr_launching": {
                        "count": 1
                    }
                },
                "db_poll_sleeptime": 10.0,
                "dburl": "mongodb://rct:rct_test@two.radical-project.org/rct_test",
                "heartbeat": {
                    "addr_pub": "tcp://172.22.182.10:42458",
                    "addr_sub": "tcp://172.22.182.10:42561",
                    "interval": 1.0,
                    "timeout": 60.0
                },
                "owner": "pmgr.0000",
                "path": "/home/karahbit/containers_exp/singularity/rp.session.js-104-191.jetstream-cloud.org.karahbit.018331.0027",
                "sid": "rp.session.js-104-191.jetstream-cloud.org.karahbit.018331.0027",
                "uid": "pmgr.0000"
            },
            "type": "pmgr",
            "uid": "pmgr.0000"
        }
    ],
    "session": {
        "_id": "rp.session.js-104-191.jetstream-cloud.org.karahbit.018331.0027",
        "cfg": {
            "base": "/home/karahbit/containers_exp/singularity",
            "bridges": {
                "control_pubsub": {
                    "bulk_size": 0,
                    "kind": "pubsub",
                    "log_level": "error",
                    "stall_hwm": 1
                },
                "log_pubsub": {
                    "bulk_size": 0,
                    "kind": "pubsub",
                    "log_level": "error",
                    "stall_hwm": 1
                },
                "state_pubsub": {
                    "bulk_size": 0,
                    "kind": "pubsub",
                    "log_level": "error",
                    "stall_hwm": 1
                }
            },
            "bulk_size": 1024,
            "bulk_time": 1.0,
            "client_sandbox": "/home/karahbit/containers_exp/singularity",
            "components": {
                "update": {
                    "count": 1
                }
            },
            "dburl": "mongodb://rct:rct_test@two.radical-project.org/rct_test",
            "default_dburl": "mongodb://rct:rct_test@two.radical-project.org/rct_test",
            "heartbeat": {
                "interval": 1.0,
                "timeout": 60.0
            },
            "path": "/home/karahbit/containers_exp/singularity/rp.session.js-104-191.jetstream-cloud.org.karahbit.018331.0027",
            "record": null,
            "session_base": "/home/karahbit/containers_exp/singularity",
            "sid": "rp.session.js-104-191.jetstream-cloud.org.karahbit.018331.0027"
        },
        "connected": 1583851301.8756282,
        "created": 1583851300.9011116,
        "metadata": [
            {
                "radical_stack": {
                    "py": "3.7.6 (default, Jan 27 2020, 12:11:43)  [GCC 5.4.0 20160609]",
                    "rp": "1.1.1-v1.1.1-2-g7bdbe6e@fix-issue_2074",
                    "rs": "1.1.0",
                    "ru": "1.1.1-v1.1.1-2-gfe6c424@devel"
                }
            }
        ],
        "type": "session",
        "uid": "rp.session.js-104-191.jetstream-cloud.org.karahbit.018331.0027"
    },
    "umgr": [
        {
            "_id": "umgr.0000",
            "cfg": {
                "base": "/home/karahbit/containers_exp/singularity",
                "bridges": {
                    "umgr_reschedule_pubsub": {
                        "bulk_size": 0,
                        "kind": "pubsub",
                        "log_level": "error",
                        "stall_hwm": 1
                    },
                    "umgr_scheduling_queue": {
                        "bulk_size": 0,
                        "kind": "queue",
                        "log_level": "error",
                        "stall_hwm": 1
                    },
                    "umgr_staging_input_queue": {
                        "bulk_size": 0,
                        "kind": "queue",
                        "log_level": "error",
                        "stall_hwm": 1
                    },
                    "umgr_staging_output_queue": {
                        "bulk_size": 0,
                        "kind": "queue",
                        "log_level": "error",
                        "stall_hwm": 1
                    },
                    "umgr_unschedule_pubsub": {
                        "bulk_size": 0,
                        "kind": "pubsub",
                        "log_level": "error",
                        "stall_hwm": 1
                    }
                },
                "bulk_collection_size": 100,
                "bulk_collection_time": 1.0,
                "components": {
                    "umgr_scheduling": {
                        "count": 1
                    },
                    "umgr_staging_input": {
                        "count": 1
                    },
                    "umgr_staging_output": {
                        "count": 1
                    }
                },
                "db_poll_sleeptime": 1.0,
                "dburl": "mongodb://rct:rct_test@two.radical-project.org/rct_test",
                "heartbeat": {
                    "addr_pub": "tcp://172.22.182.10:42458",
                    "addr_sub": "tcp://172.22.182.10:42561",
                    "interval": 1.0,
                    "timeout": 60.0
                },
                "owner": "umgr.0000",
                "path": "/home/karahbit/containers_exp/singularity/rp.session.js-104-191.jetstream-cloud.org.karahbit.018331.0027",
                "scheduler": "round_robin",
                "sid": "rp.session.js-104-191.jetstream-cloud.org.karahbit.018331.0027",
                "uid": "umgr.0000"
            },
            "type": "umgr",
            "uid": "umgr.0000"
        }
    ],
    "unit": [
        {
            "_id": "unit.000000",
            "client_sandbox": "None",
            "cmd": [],
            "control": "agent",
            "description": {
                "arguments": [
                    "exec",
                    "--bind",
                    "/opt/intel/compilers_and_libraries_2019.5.281/linux/mpi/intel64",
                    "/home/karahbit/centos-openmpi.sif",
                    "/home/karahbit/hello_world_intel"
                ],
                "cleanup": false,
                "cpu_process_type": "MPI",
                "cpu_processes": 448,
                "cpu_thread_type": "",
                "cpu_threads": 1,
                "environment": {},
                "executable": "singularity",
                "gpu_process_type": "",
                "gpu_processes": 0,
                "gpu_thread_type": "",
                "gpu_threads": 1,
                "input_staging": [],
                "kernel": "",
                "lfs_per_process": 0,
                "mem_per_process": 0,
                "metadata": null,
                "name": "",
                "output_staging": [],
                "pilot": "",
                "post_exec": [],
                "pre_exec": [
                    "export SINGULARITYENV_PREPEND_PATH=/opt/intel/compilers_and_libraries_2019.5.281/linux/mpi/intel64/bin",
                    "export SINGULARITYENV_LD_LIBRARY_PATH=/opt/intel/compilers_and_libraries_2019.5.281/linux/mpi/intel64/lib:/opt/intel/compilers_and_libraries_2019.5.281/linux/mpi/intel64/libfabric/lib"
                ],
                "restartable": false,
                "sandbox": "",
                "stderr": "",
                "stdout": "",
                "tags": {}
            },
            "exit_code": null,
            "name": "",
            "pilot": "pilot.0000",
            "pilot_sandbox": "gsisftp://bridges.psc.xsede.org:2222/pylon5/mc3bggp/karahbit/radical.pilot.sandbox/rp.session.js-104-191.jetstream-cloud.org.karahbit.018331.0027/pilot.0000/",
            "resource_sandbox": "gsisftp://bridges.psc.xsede.org:2222/pylon5/mc3bggp/karahbit/radical.pilot.sandbox",
            "state": "FAILED",
            "states": [
                "NEW",
                "UMGR_SCHEDULING_PENDING",
                "UMGR_SCHEDULING",
                "UMGR_STAGING_INPUT_PENDING",
                "UMGR_STAGING_INPUT",
                "AGENT_STAGING_INPUT_PENDING",
                "FAILED"
            ],
            "stderr": null,
            "stdout": null,
            "type": "unit",
            "uid": "unit.000000",
            "umgr": "umgr.0000",
            "unit_sandbox": "gsisftp://bridges.psc.xsede.org:2222/pylon5/mc3bggp/karahbit/radical.pilot.sandbox/rp.session.js-104-191.jetstream-cloud.org.karahbit.018331.0027/pilot.0000/unit.000000/",
            "unit_sandbox_path": "/pylon5/mc3bggp/karahbit/radical.pilot.sandbox/rp.session.js-104-191.jetstream-cloud.org.karahbit.018331.0027/pilot.0000/unit.000000/"
        },
        {
            "_id": "unit.000001",
            "client_sandbox": "None",
            "cmd": [],
            "control": "agent",
            "description": {
                "arguments": [
                    "exec",
                    "--bind",
                    "/opt/intel/compilers_and_libraries_2019.5.281/linux/mpi/intel64",
                    "/home/karahbit/centos-openmpi.sif",
                    "/home/karahbit/hello_world_intel"
                ],
                "cleanup": false,
                "cpu_process_type": "MPI",
                "cpu_processes": 448,
                "cpu_thread_type": "",
                "cpu_threads": 1,
                "environment": {},
                "executable": "singularity",
                "gpu_process_type": "",
                "gpu_processes": 0,
                "gpu_thread_type": "",
                "gpu_threads": 1,
                "input_staging": [],
                "kernel": "",
                "lfs_per_process": 0,
                "mem_per_process": 0,
                "metadata": null,
                "name": "",
                "output_staging": [],
                "pilot": "",
                "post_exec": [],
                "pre_exec": [
                    "export SINGULARITYENV_PREPEND_PATH=/opt/intel/compilers_and_libraries_2019.5.281/linux/mpi/intel64/bin",
                    "export SINGULARITYENV_LD_LIBRARY_PATH=/opt/intel/compilers_and_libraries_2019.5.281/linux/mpi/intel64/lib:/opt/intel/compilers_and_libraries_2019.5.281/linux/mpi/intel64/libfabric/lib"
                ],
                "restartable": false,
                "sandbox": "",
                "stderr": "",
                "stdout": "",
                "tags": {}
            },
            "exit_code": null,
            "name": "",
            "pilot": "pilot.0000",
            "pilot_sandbox": "gsisftp://bridges.psc.xsede.org:2222/pylon5/mc3bggp/karahbit/radical.pilot.sandbox/rp.session.js-104-191.jetstream-cloud.org.karahbit.018331.0027/pilot.0000/",
            "resource_sandbox": "gsisftp://bridges.psc.xsede.org:2222/pylon5/mc3bggp/karahbit/radical.pilot.sandbox",
            "state": "FAILED",
            "states": [
                "NEW",
                "UMGR_SCHEDULING_PENDING",
                "UMGR_SCHEDULING",
                "UMGR_STAGING_INPUT_PENDING",
                "UMGR_STAGING_INPUT",
                "AGENT_STAGING_INPUT_PENDING",
                "FAILED"
            ],
            "stderr": null,
            "stdout": null,
            "type": "unit",
            "uid": "unit.000001",
            "umgr": "umgr.0000",
            "unit_sandbox": "gsisftp://bridges.psc.xsede.org:2222/pylon5/mc3bggp/karahbit/radical.pilot.sandbox/rp.session.js-104-191.jetstream-cloud.org.karahbit.018331.0027/pilot.0000/unit.000001/",
            "unit_sandbox_path": "/pylon5/mc3bggp/karahbit/radical.pilot.sandbox/rp.session.js-104-191.jetstream-cloud.org.karahbit.018331.0027/pilot.0000/unit.000001/"
        },
        {
            "_id": "unit.000002",
            "client_sandbox": "None",
            "cmd": [],
            "control": "agent",
            "description": {
                "arguments": [
                    "exec",
                    "--bind",
                    "/opt/intel/compilers_and_libraries_2019.5.281/linux/mpi/intel64",
                    "/home/karahbit/centos-openmpi.sif",
                    "/home/karahbit/hello_world_intel"
                ],
                "cleanup": false,
                "cpu_process_type": "MPI",
                "cpu_processes": 448,
                "cpu_thread_type": "",
                "cpu_threads": 1,
                "environment": {},
                "executable": "singularity",
                "gpu_process_type": "",
                "gpu_processes": 0,
                "gpu_thread_type": "",
                "gpu_threads": 1,
                "input_staging": [],
                "kernel": "",
                "lfs_per_process": 0,
                "mem_per_process": 0,
                "metadata": null,
                "name": "",
                "output_staging": [],
                "pilot": "",
                "post_exec": [],
                "pre_exec": [
                    "export SINGULARITYENV_PREPEND_PATH=/opt/intel/compilers_and_libraries_2019.5.281/linux/mpi/intel64/bin",
                    "export SINGULARITYENV_LD_LIBRARY_PATH=/opt/intel/compilers_and_libraries_2019.5.281/linux/mpi/intel64/lib:/opt/intel/compilers_and_libraries_2019.5.281/linux/mpi/intel64/libfabric/lib"
                ],
                "restartable": false,
                "sandbox": "",
                "stderr": "",
                "stdout": "",
                "tags": {}
            },
            "exit_code": null,
            "name": "",
            "pilot": "pilot.0000",
            "pilot_sandbox": "gsisftp://bridges.psc.xsede.org:2222/pylon5/mc3bggp/karahbit/radical.pilot.sandbox/rp.session.js-104-191.jetstream-cloud.org.karahbit.018331.0027/pilot.0000/",
            "resource_sandbox": "gsisftp://bridges.psc.xsede.org:2222/pylon5/mc3bggp/karahbit/radical.pilot.sandbox",
            "state": "FAILED",
            "states": [
                "NEW",
                "UMGR_SCHEDULING_PENDING",
                "UMGR_SCHEDULING",
                "UMGR_STAGING_INPUT_PENDING",
                "UMGR_STAGING_INPUT",
                "AGENT_STAGING_INPUT_PENDING",
                "FAILED"
            ],
            "stderr": null,
            "stdout": null,
            "type": "unit",
            "uid": "unit.000002",
            "umgr": "umgr.0000",
            "unit_sandbox": "gsisftp://bridges.psc.xsede.org:2222/pylon5/mc3bggp/karahbit/radical.pilot.sandbox/rp.session.js-104-191.jetstream-cloud.org.karahbit.018331.0027/pilot.0000/unit.000002/",
            "unit_sandbox_path": "/pylon5/mc3bggp/karahbit/radical.pilot.sandbox/rp.session.js-104-191.jetstream-cloud.org.karahbit.018331.0027/pilot.0000/unit.000002/"
        },
        {
            "_id": "unit.000003",
            "client_sandbox": "None",
            "cmd": [],
            "control": "agent",
            "description": {
                "arguments": [
                    "exec",
                    "--bind",
                    "/opt/intel/compilers_and_libraries_2019.5.281/linux/mpi/intel64",
                    "/home/karahbit/centos-openmpi.sif",
                    "/home/karahbit/hello_world_intel"
                ],
                "cleanup": false,
                "cpu_process_type": "MPI",
                "cpu_processes": 448,
                "cpu_thread_type": "",
                "cpu_threads": 1,
                "environment": {},
                "executable": "singularity",
                "gpu_process_type": "",
                "gpu_processes": 0,
                "gpu_thread_type": "",
                "gpu_threads": 1,
                "input_staging": [],
                "kernel": "",
                "lfs_per_process": 0,
                "mem_per_process": 0,
                "metadata": null,
                "name": "",
                "output_staging": [],
                "pilot": "",
                "post_exec": [],
                "pre_exec": [
                    "export SINGULARITYENV_PREPEND_PATH=/opt/intel/compilers_and_libraries_2019.5.281/linux/mpi/intel64/bin",
                    "export SINGULARITYENV_LD_LIBRARY_PATH=/opt/intel/compilers_and_libraries_2019.5.281/linux/mpi/intel64/lib:/opt/intel/compilers_and_libraries_2019.5.281/linux/mpi/intel64/libfabric/lib"
                ],
                "restartable": false,
                "sandbox": "",
                "stderr": "",
                "stdout": "",
                "tags": {}
            },
            "exit_code": null,
            "name": "",
            "pilot": "pilot.0000",
            "pilot_sandbox": "gsisftp://bridges.psc.xsede.org:2222/pylon5/mc3bggp/karahbit/radical.pilot.sandbox/rp.session.js-104-191.jetstream-cloud.org.karahbit.018331.0027/pilot.0000/",
            "resource_sandbox": "gsisftp://bridges.psc.xsede.org:2222/pylon5/mc3bggp/karahbit/radical.pilot.sandbox",
            "state": "FAILED",
            "states": [
                "NEW",
                "UMGR_SCHEDULING_PENDING",
                "UMGR_SCHEDULING",
                "UMGR_STAGING_INPUT_PENDING",
                "UMGR_STAGING_INPUT",
                "AGENT_STAGING_INPUT_PENDING",
                "FAILED"
            ],
            "stderr": null,
            "stdout": null,
            "type": "unit",
            "uid": "unit.000003",
            "umgr": "umgr.0000",
            "unit_sandbox": "gsisftp://bridges.psc.xsede.org:2222/pylon5/mc3bggp/karahbit/radical.pilot.sandbox/rp.session.js-104-191.jetstream-cloud.org.karahbit.018331.0027/pilot.0000/unit.000003/",
            "unit_sandbox_path": "/pylon5/mc3bggp/karahbit/radical.pilot.sandbox/rp.session.js-104-191.jetstream-cloud.org.karahbit.018331.0027/pilot.0000/unit.000003/"
        },
        {
            "_id": "unit.000004",
            "client_sandbox": "None",
            "cmd": [],
            "control": "agent",
            "description": {
                "arguments": [
                    "exec",
                    "--bind",
                    "/opt/intel/compilers_and_libraries_2019.5.281/linux/mpi/intel64",
                    "/home/karahbit/centos-openmpi.sif",
                    "/home/karahbit/hello_world_intel"
                ],
                "cleanup": false,
                "cpu_process_type": "MPI",
                "cpu_processes": 448,
                "cpu_thread_type": "",
                "cpu_threads": 1,
                "environment": {},
                "executable": "singularity",
                "gpu_process_type": "",
                "gpu_processes": 0,
                "gpu_thread_type": "",
                "gpu_threads": 1,
                "input_staging": [],
                "kernel": "",
                "lfs_per_process": 0,
                "mem_per_process": 0,
                "metadata": null,
                "name": "",
                "output_staging": [],
                "pilot": "",
                "post_exec": [],
                "pre_exec": [
                    "export SINGULARITYENV_PREPEND_PATH=/opt/intel/compilers_and_libraries_2019.5.281/linux/mpi/intel64/bin",
                    "export SINGULARITYENV_LD_LIBRARY_PATH=/opt/intel/compilers_and_libraries_2019.5.281/linux/mpi/intel64/lib:/opt/intel/compilers_and_libraries_2019.5.281/linux/mpi/intel64/libfabric/lib"
                ],
                "restartable": false,
                "sandbox": "",
                "stderr": "",
                "stdout": "",
                "tags": {}
            },
            "exit_code": null,
            "name": "",
            "pilot": "pilot.0000",
            "pilot_sandbox": "gsisftp://bridges.psc.xsede.org:2222/pylon5/mc3bggp/karahbit/radical.pilot.sandbox/rp.session.js-104-191.jetstream-cloud.org.karahbit.018331.0027/pilot.0000/",
            "resource_sandbox": "gsisftp://bridges.psc.xsede.org:2222/pylon5/mc3bggp/karahbit/radical.pilot.sandbox",
            "state": "FAILED",
            "states": [
                "NEW",
                "UMGR_SCHEDULING_PENDING",
                "UMGR_SCHEDULING",
                "UMGR_STAGING_INPUT_PENDING",
                "UMGR_STAGING_INPUT",
                "AGENT_STAGING_INPUT_PENDING",
                "FAILED"
            ],
            "stderr": null,
            "stdout": null,
            "type": "unit",
            "uid": "unit.000004",
            "umgr": "umgr.0000",
            "unit_sandbox": "gsisftp://bridges.psc.xsede.org:2222/pylon5/mc3bggp/karahbit/radical.pilot.sandbox/rp.session.js-104-191.jetstream-cloud.org.karahbit.018331.0027/pilot.0000/unit.000004/",
            "unit_sandbox_path": "/pylon5/mc3bggp/karahbit/radical.pilot.sandbox/rp.session.js-104-191.jetstream-cloud.org.karahbit.018331.0027/pilot.0000/unit.000004/"
        },
        {
            "_id": "unit.000005",
            "client_sandbox": "None",
            "cmd": [],
            "control": "agent",
            "description": {
                "arguments": [
                    "exec",
                    "--bind",
                    "/opt/intel/compilers_and_libraries_2019.5.281/linux/mpi/intel64",
                    "/home/karahbit/centos-openmpi.sif",
                    "/home/karahbit/hello_world_intel"
                ],
                "cleanup": false,
                "cpu_process_type": "MPI",
                "cpu_processes": 448,
                "cpu_thread_type": "",
                "cpu_threads": 1,
                "environment": {},
                "executable": "singularity",
                "gpu_process_type": "",
                "gpu_processes": 0,
                "gpu_thread_type": "",
                "gpu_threads": 1,
                "input_staging": [],
                "kernel": "",
                "lfs_per_process": 0,
                "mem_per_process": 0,
                "metadata": null,
                "name": "",
                "output_staging": [],
                "pilot": "",
                "post_exec": [],
                "pre_exec": [
                    "export SINGULARITYENV_PREPEND_PATH=/opt/intel/compilers_and_libraries_2019.5.281/linux/mpi/intel64/bin",
                    "export SINGULARITYENV_LD_LIBRARY_PATH=/opt/intel/compilers_and_libraries_2019.5.281/linux/mpi/intel64/lib:/opt/intel/compilers_and_libraries_2019.5.281/linux/mpi/intel64/libfabric/lib"
                ],
                "restartable": false,
                "sandbox": "",
                "stderr": "",
                "stdout": "",
                "tags": {}
            },
            "exit_code": null,
            "name": "",
            "pilot": "pilot.0000",
            "pilot_sandbox": "gsisftp://bridges.psc.xsede.org:2222/pylon5/mc3bggp/karahbit/radical.pilot.sandbox/rp.session.js-104-191.jetstream-cloud.org.karahbit.018331.0027/pilot.0000/",
            "resource_sandbox": "gsisftp://bridges.psc.xsede.org:2222/pylon5/mc3bggp/karahbit/radical.pilot.sandbox",
            "state": "FAILED",
            "states": [
                "NEW",
                "UMGR_SCHEDULING_PENDING",
                "UMGR_SCHEDULING",
                "UMGR_STAGING_INPUT_PENDING",
                "UMGR_STAGING_INPUT",
                "AGENT_STAGING_INPUT_PENDING",
                "FAILED"
            ],
            "stderr": null,
            "stdout": null,
            "type": "unit",
            "uid": "unit.000005",
            "umgr": "umgr.0000",
            "unit_sandbox": "gsisftp://bridges.psc.xsede.org:2222/pylon5/mc3bggp/karahbit/radical.pilot.sandbox/rp.session.js-104-191.jetstream-cloud.org.karahbit.018331.0027/pilot.0000/unit.000005/",
            "unit_sandbox_path": "/pylon5/mc3bggp/karahbit/radical.pilot.sandbox/rp.session.js-104-191.jetstream-cloud.org.karahbit.018331.0027/pilot.0000/unit.000005/"
        },
        {
            "_id": "unit.000006",
            "client_sandbox": "None",
            "cmd": [],
            "control": "agent",
            "description": {
                "arguments": [
                    "exec",
                    "--bind",
                    "/opt/intel/compilers_and_libraries_2019.5.281/linux/mpi/intel64",
                    "/home/karahbit/centos-openmpi.sif",
                    "/home/karahbit/hello_world_intel"
                ],
                "cleanup": false,
                "cpu_process_type": "MPI",
                "cpu_processes": 448,
                "cpu_thread_type": "",
                "cpu_threads": 1,
                "environment": {},
                "executable": "singularity",
                "gpu_process_type": "",
                "gpu_processes": 0,
                "gpu_thread_type": "",
                "gpu_threads": 1,
                "input_staging": [],
                "kernel": "",
                "lfs_per_process": 0,
                "mem_per_process": 0,
                "metadata": null,
                "name": "",
                "output_staging": [],
                "pilot": "",
                "post_exec": [],
                "pre_exec": [
                    "export SINGULARITYENV_PREPEND_PATH=/opt/intel/compilers_and_libraries_2019.5.281/linux/mpi/intel64/bin",
                    "export SINGULARITYENV_LD_LIBRARY_PATH=/opt/intel/compilers_and_libraries_2019.5.281/linux/mpi/intel64/lib:/opt/intel/compilers_and_libraries_2019.5.281/linux/mpi/intel64/libfabric/lib"
                ],
                "restartable": false,
                "sandbox": "",
                "stderr": "",
                "stdout": "",
                "tags": {}
            },
            "exit_code": null,
            "name": "",
            "pilot": "pilot.0000",
            "pilot_sandbox": "gsisftp://bridges.psc.xsede.org:2222/pylon5/mc3bggp/karahbit/radical.pilot.sandbox/rp.session.js-104-191.jetstream-cloud.org.karahbit.018331.0027/pilot.0000/",
            "resource_sandbox": "gsisftp://bridges.psc.xsede.org:2222/pylon5/mc3bggp/karahbit/radical.pilot.sandbox",
            "state": "FAILED",
            "states": [
                "NEW",
                "UMGR_SCHEDULING_PENDING",
                "UMGR_SCHEDULING",
                "UMGR_STAGING_INPUT_PENDING",
                "UMGR_STAGING_INPUT",
                "AGENT_STAGING_INPUT_PENDING",
                "FAILED"
            ],
            "stderr": null,
            "stdout": null,
            "type": "unit",
            "uid": "unit.000006",
            "umgr": "umgr.0000",
            "unit_sandbox": "gsisftp://bridges.psc.xsede.org:2222/pylon5/mc3bggp/karahbit/radical.pilot.sandbox/rp.session.js-104-191.jetstream-cloud.org.karahbit.018331.0027/pilot.0000/unit.000006/",
            "unit_sandbox_path": "/pylon5/mc3bggp/karahbit/radical.pilot.sandbox/rp.session.js-104-191.jetstream-cloud.org.karahbit.018331.0027/pilot.0000/unit.000006/"
        },
        {
            "_id": "unit.000007",
            "client_sandbox": "None",
            "cmd": [],
            "control": "agent",
            "description": {
                "arguments": [
                    "exec",
                    "--bind",
                    "/opt/intel/compilers_and_libraries_2019.5.281/linux/mpi/intel64",
                    "/home/karahbit/centos-openmpi.sif",
                    "/home/karahbit/hello_world_intel"
                ],
                "cleanup": false,
                "cpu_process_type": "MPI",
                "cpu_processes": 448,
                "cpu_thread_type": "",
                "cpu_threads": 1,
                "environment": {},
                "executable": "singularity",
                "gpu_process_type": "",
                "gpu_processes": 0,
                "gpu_thread_type": "",
                "gpu_threads": 1,
                "input_staging": [],
                "kernel": "",
                "lfs_per_process": 0,
                "mem_per_process": 0,
                "metadata": null,
                "name": "",
                "output_staging": [],
                "pilot": "",
                "post_exec": [],
                "pre_exec": [
                    "export SINGULARITYENV_PREPEND_PATH=/opt/intel/compilers_and_libraries_2019.5.281/linux/mpi/intel64/bin",
                    "export SINGULARITYENV_LD_LIBRARY_PATH=/opt/intel/compilers_and_libraries_2019.5.281/linux/mpi/intel64/lib:/opt/intel/compilers_and_libraries_2019.5.281/linux/mpi/intel64/libfabric/lib"
                ],
                "restartable": false,
                "sandbox": "",
                "stderr": "",
                "stdout": "",
                "tags": {}
            },
            "exit_code": null,
            "name": "",
            "pilot": "pilot.0000",
            "pilot_sandbox": "gsisftp://bridges.psc.xsede.org:2222/pylon5/mc3bggp/karahbit/radical.pilot.sandbox/rp.session.js-104-191.jetstream-cloud.org.karahbit.018331.0027/pilot.0000/",
            "resource_sandbox": "gsisftp://bridges.psc.xsede.org:2222/pylon5/mc3bggp/karahbit/radical.pilot.sandbox",
            "state": "FAILED",
            "states": [
                "NEW",
                "UMGR_SCHEDULING_PENDING",
                "UMGR_SCHEDULING",
                "UMGR_STAGING_INPUT_PENDING",
                "UMGR_STAGING_INPUT",
                "AGENT_STAGING_INPUT_PENDING",
                "FAILED"
            ],
            "stderr": null,
            "stdout": null,
            "type": "unit",
            "uid": "unit.000007",
            "umgr": "umgr.0000",
            "unit_sandbox": "gsisftp://bridges.psc.xsede.org:2222/pylon5/mc3bggp/karahbit/radical.pilot.sandbox/rp.session.js-104-191.jetstream-cloud.org.karahbit.018331.0027/pilot.0000/unit.000007/",
            "unit_sandbox_path": "/pylon5/mc3bggp/karahbit/radical.pilot.sandbox/rp.session.js-104-191.jetstream-cloud.org.karahbit.018331.0027/pilot.0000/unit.000007/"
        }
    ]
}
