{
    "base": "/home/karahbit/containers_exp/singularity",
    "bulk_collection_size": 100,
    "bulk_collection_time": 1.0,
    "cmgr": "cmgr.0002",
    "count": 1,
    "db_poll_sleeptime": 1.0,
    "dburl": "mongodb://rct:rct_test@two.radical-project.org/rct_test",
    "heartbeat": {
        "addr_pub": "tcp://172.22.182.10:37442",
        "addr_sub": "tcp://172.22.182.10:38085",
        "interval": 1.0,
        "timeout": 60.0
    },
    "kind": "umgr_staging_output",
    "owner": "umgr.0000",
    "path": "/home/karahbit/containers_exp/singularity/rp.session.js-104-191.jetstream-cloud.org.karahbit.018331.0036",
    "scheduler": "round_robin",
    "sid": "rp.session.js-104-191.jetstream-cloud.org.karahbit.018331.0036",
    "uid": "umgr_staging_output.0000"
}
