{
    "bulk_size": 0,
    "channel": "pmgr_launching_queue",
    "cmgr": "cmgr.0001",
    "heartbeat": {
        "addr_pub": "tcp://172.22.182.10:40670",
        "addr_sub": "tcp://172.22.182.10:36109",
        "interval": 1.0,
        "timeout": 60.0
    },
    "kind": "queue",
    "log_level": "error",
    "path": "/home/karahbit/containers_exp/singularity/rp.session.js-104-191.jetstream-cloud.org.karahbit.018333.0041",
    "sid": "rp.session.js-104-191.jetstream-cloud.org.karahbit.018333.0041",
    "stall_hwm": 1,
    "uid": "pmgr_launching_queue"
}
