{
    "bulk_size": 0,
    "channel": "control_pubsub",
    "cmgr": "cmgr.0000",
    "heartbeat": {
        "addr_pub": "tcp://172.22.182.10:43103",
        "addr_sub": "tcp://172.22.182.10:46307",
        "interval": 1.0,
        "timeout": 60.0
    },
    "kind": "pubsub",
    "log_level": "error",
    "path": "/home/karahbit/containers_exp/singularity/rp.session.js-104-191.jetstream-cloud.org.karahbit.018333.0014",
    "sid": "rp.session.js-104-191.jetstream-cloud.org.karahbit.018333.0014",
    "stall_hwm": 1,
    "uid": "control_pubsub"
}
