{
    "bulk_size": 0,
    "channel": "umgr_unschedule_pubsub",
    "cmgr": "cmgr.0002",
    "heartbeat": {
        "addr_pub": "tcp://172.22.182.10:34891",
        "addr_sub": "tcp://172.22.182.10:40308",
        "interval": 1.0,
        "timeout": 60.0
    },
    "kind": "pubsub",
    "log_level": "error",
    "path": "/home/karahbit/containers_exp/singularity/rp.session.js-104-191.jetstream-cloud.org.karahbit.018333.0033",
    "sid": "rp.session.js-104-191.jetstream-cloud.org.karahbit.018333.0033",
    "stall_hwm": 1,
    "uid": "umgr_unschedule_pubsub"
}
