{
    "command-line": "bet [INPUT_FILE] [MASK] [FRACTIONAL_INTENSITY] [VERTICAL_GRADIENT] [CENTER_OF_GRAVITY] [OVERLAY_FLAG] [BINARY_MASK_FLAG] [APPROX_SKULL_FLAG] [NO_SEG_OUTPUT_FLAG] [VTK_VIEW_FLAG] [HEAD_RADIUS] [THRESHOLDING_FLAG] [ROBUST_ITERS_FLAG] [RES_OPTIC_CLEANUP_FLAG] [REDUCE_BIAS_FLAG] [SLICE_PADDING_FLAG] [MASK_WHOLE_SET_FLAG] [ADD_SURFACES_FLAG] [ADD_SURFACES_T2] [VERBOSE_FLAG] [DEBUG_FLAG]",
    "description": "Automated brain extraction tool for FSL",
    "groups": [
        {
            "all-or-none": true,
            "id": "group1",
            "members": [
                "param1",
                "flag1"
            ],
            "mutually-exclusive": false,
            "name": "the param group",
            "one-is-required": false
        }
    ],
    "inputs": [
        {
            "id": "param1",
            "name": "The first parameter",
            "optional": true,
            "type": "File",
            "value-key": "[PARAM1]"
        },
        {
            "id": "param2",
            "name": "The second parameter",
            "optional": false,
            "type": "String",
            "value-choices": [
                "mychoice1.log",
                "mychoice2.log"
            ],
            "value-key": "[PARAM2]"
        },
        {
            "command-line-flag": "-f",
            "id": "flag1",
            "name": "The first flag",
            "optional": true,
            "type": "Flag",
            "value-key": "[FLAG1]"
        }
    ],
    "name": "fsl_bet",
    "output-files": [
        {
            "id": "output1",
            "name": "The first output",
            "optional": false,
            "path-template": "[PARAM2].txt",
            "path-template-stripped-extensions": [
                ".log"
            ],
            "value-key": "[OUTPUT1]"
        }
    ],
    "schema-version": "0.5",
    "suggested-resources": {
        "cpu-cores": 1,
        "ram": 1,
        "walltime-estimate": 60
    },
    "tags": {
        "foo": "bar",
        "purpose": "testing",
        "status": "example"
    },
    "tool-version": "1.0.0"
}
