{
    "base": "/home/karahbit/containers_exp/singularity",
    "cmgr": "cmgr.0001",
    "count": 1,
    "db_poll_sleeptime": 10.0,
    "dburl": "mongodb://rct:rct_test@two.radical-project.org/rct_test",
    "heartbeat": {
        "addr_pub": "tcp://172.22.182.10:42262",
        "addr_sub": "tcp://172.22.182.10:41796",
        "interval": 1.0,
        "timeout": 60.0
    },
    "kind": "pmgr_launching",
    "owner": "pmgr.0000",
    "path": "/home/karahbit/containers_exp/singularity/rp.session.js-104-191.jetstream-cloud.org.karahbit.018331.0017",
    "sid": "rp.session.js-104-191.jetstream-cloud.org.karahbit.018331.0017",
    "uid": "pmgr_launching.0000"
}
