{
    "bulk_size": 0,
    "channel": "umgr_staging_output_queue",
    "cmgr": "cmgr.0002",
    "heartbeat": {
        "addr_pub": "tcp://172.22.182.10:43143",
        "addr_sub": "tcp://172.22.182.10:43821",
        "interval": 1.0,
        "timeout": 60.0
    },
    "kind": "queue",
    "log_level": "error",
    "path": "/home/karahbit/containers_exp/singularity/rp.session.js-104-191.jetstream-cloud.org.karahbit.018333.0024",
    "sid": "rp.session.js-104-191.jetstream-cloud.org.karahbit.018333.0024",
    "stall_hwm": 1,
    "uid": "umgr_staging_output_queue"
}
