{
    "bulk_size": 0,
    "channel": "pmgr_launching_queue",
    "cmgr": "cmgr.0001",
    "heartbeat": {
        "addr_pub": "tcp://172.22.182.10:32771",
        "addr_sub": "tcp://172.22.182.10:44815",
        "interval": 1.0,
        "timeout": 60.0
    },
    "kind": "queue",
    "log_level": "error",
    "path": "/home/karahbit/containers_exp/singularity/rp.session.js-104-191.jetstream-cloud.org.karahbit.018331.0009",
    "sid": "rp.session.js-104-191.jetstream-cloud.org.karahbit.018331.0009",
    "stall_hwm": 1,
    "uid": "pmgr_launching_queue"
}
